sothutu,name,brand,pricenew,sale,priceold
0,Nước Hoa Nữ Diamond Femme 45ml (Trắng),Eau De Parfum,301000,45%,549000
1,Nước Hoa Vùng Kín Foellie Hương Hoa Hồng Mạnh Mẽ 5ml,Inner Perfume #Eau De Bijou,144000,59%,350000
2,Nước Hoa Nữ Diamond Femme Pink 45ml (Hồng),Eau De Parfum,275000,50%,549000
3,Nước Hoa Nam Diamond Homme 45ml (Đen),Eau De Parfum,275000,50%,549000
4,Nước Hoa Nữ Diamond Femme Ruby Red 45ml (Đỏ),Eau De Parfum,301000,45%,549000
5,Nước Hoa Nữ Gennie Little Gold Dress 50ml,Little Gold Dress,146000,33%,219000
6,Nước Hoa Vùng Kín Foellie Hương Trái Cây Ngọt Ngào 5ml,Inner Perfume #Eau De Fleur,179000,49%,350000
7,Nước Hoa Nữ Gennie Little Black Dress 50ml,Little Black Dress,146000,33%,219000
8,Xịt Thơm Toàn Thân Malissa Kiss Hương Crazy in Love 88ml,Perfume Body Mist,134000,21%,169000
9,Combo Gennie Nước Hoa + Sữa Tắm Little Red Dress 50ml + 450ml,,219000,42%,378000
10,Nước Hoa Nữ De Memoria EDP #05 Montpellier 30ml,Eau De Parfum,354000,36%,550000
11,Nước Hoa Nữ De Memoria #02 Val De Loire Hương Tươi Mát 30ml,Eau De Parfum,354000,36%,550000
12,Xịt Thơm Toàn Thân Bodymiss Hương Stop & Stare 35ml,,54000,32%,79000
13,Nước Hoa Nữ Gennie Little Red Dress 50ml,Little Red Dress,110000,50%,219000
14,Nước Hoa Nam Gota Iconic Eau de Parfum 50ml,Iconic Perfume For Men Eau de Parfum,148000,50%,296000
15,Combo Gennie Nước Hoa + Sữa Tắm Little Gold Dress 50ml + 450ml,,219000,42%,378000
16,Nước Hoa Nữ De Memoria EDP #04 Dresden 30ml,Eau De Parfum,354000,36%,550000
17,Nước Hoa Vùng Kín Foellie Hương Hoa Hồng Trắng 5ml,Inner Perfume #Eau De Ciel,179000,49%,350000
18,Nước Hoa Nam Diamond Homme Dark Blue 45ml (Xanh),Eau De Parfum,301000,45%,549000
19,Nước Hoa Nữ Gennie Little Rose Dress Bản Giới Hạn 50ml,Little Rose Dress For Her,175000,50%,349000
20,Nước Hoa Vùng Kín Foellie Hoa Đinh Hương Bản Giới Hạn 5ml,Inner Perfume #Eau De Tuileries,189000,46%,350000
21,Nước Hoa Nữ Versace Bright Crystal Absolu EDP 90ml,Bright Crystal Absolu Eau de Parfum Natural Spray,1789000,39%,2915000
22,Nước Hoa Nam Diamond Homme Brown 45ml (Nâu),Eau De Parfum,301000,40%,499000
23,Nước Hoa Nữ Carolina Herrera Good Girl EDP 30ml,Good Girl Eau De Parfum Natural Spray,1809000,10%,2010000
24,Xịt Thơm Toàn Thân Malissa Kiss Hương Sweet Poison 88ml,Perfume Mist,134000,21%,169000
25,Xịt Thơm Toàn Thân Malissa Kiss Hương Adore You 88ml,Perfume Mist,134000,21%,169000
26,Nước Hoa Nam Versace Pour Homme EDT 50ml,Pour Homme Eau De Toilette Spray,1443000,19%,1782000
27,Nước Hoa Nữ Laura Anne Allure For Her 50ml (Hồng),Eau de Parfum,184000,38%,299000
28,Nước Hoa Nữ Lancôme La Nuit Tresor EDP 75ml,La Nuit Tresor Eau De Parfum,2820000,9%,3100000
29,Nước Hoa Nam Paco Rabanne 1 Million Parfum EDP 100ml,1 Million Parfum EDP,3024000,10%,3360000
30,Xịt Thơm Toàn Thân Malissa Kiss Hương Nước Hoa Passion 88ml,Perfume Mist,134000,21%,169000
31,Nước Hoa Nữ Versace Bright Crystal EDT 50ml,Bright Crystal Eau de Toilette Spray,1190000,59%,2905000
32,Nước Hoa Vùng Kín Foellie Hương Hoa Nhài Bản Giới Hạn 5ml,Inner Perfume #Eau De Venus,164000,53%,350000
33,Nước Hoa Nữ De Memoria EDP #03 Granada 30ml,Eau De Parfum,354000,36%,550000
34,Nước Hoa Nữ De Memoria EDP #06 Grasse 30ml,Eau De Parfum,354000,36%,550000
35,Nước Hoa Nữ Verites After The Rain 50ml,After The Rain Inspired By My Burberry,191000,20%,239000
36,Nước Hoa Nam Versace Eros Flame EDP 100ml,Eros Flame Eau de Parfum Spray,2236000,19%,2761000
37,Xịt Thơm Toàn Thân Malissa Kiss Hương Lost In Paradise 88ml,Perfume Body Mist,134000,21%,169000
38,Xịt Thơm Toàn Thân Malissa Kiss Hương Nước Hoa Delight 88ml,Perfume Mist,134000,21%,169000
39,Xịt Thơm Toàn Thân Malissa Kiss Hương Fresh Escape 88ml,Perfume Mist,84000,50%,169000
40,Nước Hoa Nam Gota Urban Eau de Parfum 50ml,Urban Perfume For Men Eau de Parfum,208000,30%,296000
41,Xịt Thơm Toàn Thân Malissa Kiss Sweet Vanilla Cotton 88ml,Perfume Body Mist,134000,21%,169000
42,Nước Hoa Nữ De Memoria #01 Spello Hương Mê Hoặc 30ml,Eau De Parfum,353000,36%,550000
43,Nước Hoa Vùng Kín Foellie Hương Gỗ Tươi Mát 5ml,Inner Perfume #Eau De Foret,179000,17%,215000
44,Nước Hoa Nam Nữ Verites Siren 50ml,Siren Inspired By Good Girl Velvet Fatale,191000,20%,239000
45,Xịt Thơm Toàn Thân Bodymiss Hương Funky Fresh 105ml,,109000,30%,156000
46,Bộ 3 Chai Nước Hoa Nam Nerman 4000 10ml/chai,"Hương Thơm Mạnh Mẽ Lôi Cuốn, Lưu Hương Tới 8H",476000,5%,499000
47,Xịt Thơm Toàn Thân Và Tóc Silkygirl Hương Love Bloom 50ml,Fragrance Mist Hair And Body #Love Bloom,98000,1%,99000
48,Xịt Thơm Toàn Thân Malissa Kiss Hương Nước Hoa Charm 88ml,Perfume Mist,134000,21%,169000
49,Nước Hoa Vùng Kín Foellie Hương Hoa Anh Đào 5ml,Inner Perfume #Eau De Cherry Blossom,179000,49%,350000
50,Nước Hoa Nữ Verites Joie De Vivre 50ml,Joie De Vivre Inspired by Miss Dior,191000,20%,239000
51,Nước Hoa Nam Laura Anne Mystic For Him 50ml (Đen),Eau de Parfum,184000,38%,299000
52,Nước Hoa Vùng Kín Nữ Loli And The Wolf Midnight Forest 8ml,Hương Hoa Ngọt Ngào Quyến Rũ Lãng Mạn,248000,17%,300000
53,Xịt Thơm Toàn Thân Bodymiss Hương Funky Fresh 35ml,,54000,32%,79000
54,Nước Hoa Nữ Verites Secretly Sexy 50ml,Secretly Sexy Inspired By Victoria's Secret Very Sexy,191000,20%,239000
55,Nước Hoa Nam Verites Savage Trail 50ml,Savage Trail Inspired by Dior Sauvage,191000,20%,239000
56,Xịt Thơm Toàn Thân Và Tóc Silkygirl Hương Magic Dream 50ml,Fragrance Mist Hair And Body #Magic Dream,98000,1%,99000
57,Xịt Thơm Toàn Thân Bodymiss Hương Stop & Stare 105ml,,109000,30%,156000
58,Nước Hoa Vùng Kín Foellie Hương Hoa Ngọc Lan Tây 5ml,Inner Perfume #Eau De Bebe,179000,49%,350000
59,Xịt Thơm Toàn Thân Bodymiss Hương Blinded Love 35ml,,54000,32%,79000
60,Xịt Thơm Toàn Thân Bodymiss Hương Hide & Seek 35ml,,54000,32%,79000
61,Nước Hoa Nam Nữ De Memoria EDP #09 Lampang 30ml,Eau De Parfum,370000,33%,550000
62,Nước Hoa Vùng Kín Foellie Hương Dâu Tây Bản XO Giới Hạn 5ml,Inner Perfume #Eau De Miel,179000,49%,350000
63,Xịt Thơm Toàn Thân Bodymiss Hương Hide & Seek 105ml,,109000,30%,156000
64,Nước Hoa Nam Laura Anne Allure For Him 50ml (Đỏ),Eau de Parfum,149000,50%,299000
65,Nước Hoa Vùng Kín Foellie Hương Biển Thơm Mát 5ml,Inner Perfume #Eau De Vogue,179000,17%,215000
66,Xịt Thơm Toàn Thân Malissa Kiss Hương Happy Sundae 88ml,Perfume Mist,84000,50%,169000
67,"Nước Hoa Nữ Verites Her Summer Nữ Tính, Dịu Dàng 50ml",,231000,20%,289000
68,Xịt Thơm Toàn Thân Bodymiss Hương Care Free 35ml,,54000,32%,79000
69,Nước Hoa Nam Nữ De Memoria EDP #10 Jiufen 30ml,Eau De Parfum,354000,36%,550000
70,Xịt Thơm Toàn Thân Bodymiss Hương Money Honey 105ml,,109000,30%,156000
71,Xịt Thơm Toàn Thân Malissa Kiss Hương Call Me Maybe 88ml,Perfume Mist,134000,21%,169000
72,Xịt Thơm Toàn Thân Malissa Kiss Hương Nước Hoa Tender 88ml,Perfume Mist,134000,21%,169000
73,Xịt Thơm Toàn Thân Malissa Kiss Hương Cozy Beach 88ml,Perfume Mist,84000,50%,169000
74,Combo Gennie Nước Hoa + Sữa Tắm Little Black Dress 50ml + 450ml,,219000,42%,378000
75,Nước Hoa Nam Nữ Verites Santal Lab 50ml,Santal Lab Inspired By Le Labo Santal 33,239000,0%,239000
76,Xịt Thơm Toàn Thân Malissa Kiss Hương Nước Hoa Fierce 88ml,Perfume Mist,134000,21%,169000
77,Xịt Thơm Toàn Thân Bodymiss Hương Money Honey 35ml,,54000,32%,79000
78,Combo 2 Xịt Thơm Toàn Thân Và Tóc Silkygirl Hương Love Bloom + Floral Blush 50ml,Fragrance Mist Hair And Body #Love Bloom & #Floral Blush,160000,9%,176000
79,[Mini] Nước Hoa Nam Calvin Klein Defy For Men EDT 10ml,Defy For Men Eau de Toilette,380000,0%,380000
80,Nước Hoa Nữ Gennie Little Rose Dress Bản Giới Hạn 10ml,Little Rose Dress For Her,90000,50%,179000
81,Nước Hoa Nữ De Memoria EDP #07 Hoian 30ml,Eau De Parfum,354000,36%,550000
82,Nước Hoa Vùng Kín Foellie Cherry Đen Bản Giới Hạn 5ml,Inner Perfume #Eau De Noir,160000,54%,350000
83,"Nước Hoa Nữ Verites Beach Bomb Nhẹ Nhàng, Tươi Mát 50ml",,231000,20%,289000
84,"Nước Hoa Nam Verites De Club Cuốn Hút, Lịch Lãm 50ml",,231000,20%,289000
85,Combo 2 Xịt Thơm Toàn Thân Và Tóc Silkygirl Hương Magic Dream + Love Bloom 50ml,Fragrance Mist Hair And Body #Magic Dream & #Love Bloom,184000,7%,198000
86,Xịt Thơm Toàn Thân Và Tóc Silkygirl Hương Floral Blush 50ml,Fragrance Mist Hair And Body #Floral Blush,98000,1%,99000
87,Nước Hoa Unisex Verites Chasing Cloud Tươi Mới 50ml,,231000,20%,289000
88,Nước Hoa Nữ Laura Anne Mystic For Her 50ml (Xám),Eau de Parfum,187000,37%,299000
89,Nước Hoa Nam Laura Anne Dynamic For Him 50ml (Xanh),Dynamic For Him,223000,25%,299000
90,Xịt Thơm Toàn Thân Malissa Kiss Hương Nước Hoa Desire 88ml,Perfume Mist,134000,21%,169000
91,Xịt Thơm Toàn Thân Malissa Kiss Hương Nước Hoa Sweetie 88ml,Perfume Mist,134000,21%,169000
92,Xịt Thơm Toàn Thân Malissa Kiss Hương Nước Hoa Hottie 88ml,Perfume Mist,134000,21%,169000
93,Xịt Thơm Toàn Thân Kiss My Body Sweetie 88ml,Perfume Mist,168000,1%,169000
94,Nước Hoa Nữ Armaf Club De Nuit Woman 105ml,Club De Nuit Woman EDP,628000,29%,890000
95,Xịt Thơm Toàn Thân Kiss My Body Hương Crazy In Love 88ml,Perfume Mist,143000,15%,169000
96,Xịt Thơm Toàn Thân Kiss My Body Sweet Vanilla Cotton 88ml,Perfume Mist,143000,15%,169000
97,Xịt Thơm Toàn Thân Kiss My Body Hương Delight 88ml,Perfume Mist,143000,15%,169000
98,Combo 2 Xịt Thơm Toàn Thân Và Tóc Silkygirl Hương Magic Dream + Floral Blush 50ml,Fragrance Mist Hair And Body #Magic Dream & #Floral Blush,184000,7%,198000
99,Nước Hoa Nữ Narciso Rodriguez Musc Noir For Her EDP 30ml,Eau De Parfum,1746000,10%,1940000
100,Nước Hoa Nữ Chloé Love Story EDP 30ml,Eau De Parfum,1685000,29%,2360000
101,Nước Hoa Nữ Narciso Rodriguez For Her EDP 30ml,Eau De Parfum,1746000,10%,1940000
102,Nước Hoa Nữ Narciso Rodriguez Ambrée EDP 30ml,Eau De Parfum,1674000,15%,1970000
103,Nước Hoa Nữ Narciso Rodriguez Pure Musc For Her EDP 30ml,Eau De Parfum,1746000,10%,1940000
104,Nước Hoa Nữ Narciso Rodriguez For Her EDP 50ml,Eau De Parfum,2610000,10%,2900000
105,Nước Hoa Nữ Narciso Rodriguez For Her EDP 100ml,Eau De Parfum,3447000,10%,3830000
106,Nước Hoa Nữ Narciso Rodriguez For Her EDT 100ml,Eau De Toilette,2475000,29%,3470000
107,Nước Hoa Nữ Marc Jacobs Daisy Ever So Fresh EDP 30ml,Eau De Parfum,1800000,19%,2220000
108,Nước Hoa Nữ Narciso Rodriguez For Her EDT 50ml,Eau De Toilette,1690000,35%,2610000
109,Nước Hoa Nữ Narciso Rodriguez Pure Musc For Her EDP 100ml,Eau De Parfum,3637000,5%,3830000
110,Nước Hoa Nam Tommy Impact Intense EDP 50ml,Impact Intense Eau De Perfume,2250000,0%,2250000
111,Nước Hoa Nam De Memoria EDP #12 Bagan 30ml,Eau De Parfum,370000,33%,550000
112,Nước Hoa Nữ Carolina Herrera Very Good Girl Glam EDP 80ml,Very Good Girl Glam Eau De Parfum,3933000,10%,4370000
113,Nước Hoa Nữ Marc Jacobs Daisy Love EDT 30ml,Eau De Toilette,1160000,40%,1940000
114,Nước Hoa Nữ Tommy Now Girl EDT 30ml,Now Girl Eau De Toilette,1360000,0%,1360000
115,Nước Hoa Nam Tommy Now EDT 30ml,Now Eau De Toilette,1360000,0%,1360000
116,Nước Hoa Nữ Carolina Herrera Very Good Girl EDP 30ml,Very Good Girl Eau De Parfum,1980000,10%,2200000
117,Nước Hoa Nam TOMMY Cologne EDT 30ml,Cologne Spray,899000,34%,1360000
118,Nước Hoa Nữ Marc Jacobs Daisy Dream EDT 30ml,Eau De Toilette,989000,14%,1150000
119,Nước Hoa Nữ Issey Miyake L'Eau D'Issey EDT 50ml,Eau De Toilette,2034000,10%,2260000
120,Nước Hoa Nam Issey Miyake L'Eau D'Issey Eau & Cèdre 100ml,Pour Homme Eau De Toilette Intense,2583000,10%,2870000
121,Nước Hoa Nữ Issey Miyake A Drop D'Issey EDP 90ml,Eau De Parfum,2925000,10%,3250000
122,Nước Hoa Nam Tommy Impact EDT 50ml,Impact Intense Eau De Toilette,2130000,0%,2130000
123,Nước Hoa Nam Calvin Klein Defy For Men EDT 30ml,Eau De Toilette,679000,47%,1290000
124,Nước Hoa Nữ Laura Anne Dynamic For Her 50ml (Xanh),Eau de Parfum,198000,34%,299000
125,Nước Hoa Nữ Issey Miyake A Drop D'Issey EDP Fraiche 30ml,Eau De Parfum Fraiche,1521000,10%,1690000
126,Nước Hoa Nam Nữ Calvin Klein One EDT 50ml,Eau De Toilette,813000,45%,1470000
127,Nước Hoa Nữ Tommy Girl Cologne EDT 30ml,Tommy Girl Cologne Eau de Toilette Spray,839000,38%,1360000
128,Nước Hoa Nữ Marc Jacobs Daisy Love Eau So Sweet EDT 30ml,Eau De Toilette,1750000,10%,1940000
129,"Nước Hoa Nữ Verites Starstruck Ngọt Ngào, Quyến Rũ 50ml",,231000,20%,289000
130,"Nước Hoa Nữ Verites Midnight Bloom Quyến Rũ, Thanh Lịch 50ml",,231000,20%,289000
131,[HSD 02/2025] Nước Hoa Nam De Memoria EDP #12 Bagan 30ml,Eau De Parfum,333000,0%,333000
132,Nước Hoa Nam Nữ De Memoria EDP #11 Tai O 30ml,Eau De Parfum,354000,36%,550000
133,Nước Hoa Nam Versace Eros Flame EDP 50ml,Eros Flame Eau de Parfum Spray,1316000,40%,2189000
134,[HSD 06/2024] Xịt Thơm Toàn Thân Bodymiss Hương Money Honey 35ml,,44000,44%,79000
135,Nước Hoa Nam Moschino Toy Boy EDP 100ml,,2255000,0%,2255000
136,Nước Hoa Nam Versace Pour Homme Dylan Blue EDT 100ml,Pour Homme Dylan Blue Eau De Toilette,1815000,25%,2420000
137,Nước Hoa Nữ Jean Paul Gaultier Scandal EDP 30ml,Scandal Eau De Parfum Spray,1890000,10%,2100000
138,Nước Hoa Nữ Chloé Nomade EDP 30ml,Eau De Parfum,1850000,18%,2250000
139,Nước Hoa Nữ Burberry Her Blossom EDT 100ml,Her Blossom Eau de Toilette,2703000,33%,4030000
140,[HSD 02/2025] Nước Hoa Nữ De Memoria EDP #07 Hoian 30ml,Eau De Parfum,319000,0%,319000
141,Nước Hoa Nữ Marc Jacobs Perfect EDP 100ml,Perfect Eau De Parfum,2589000,37%,4110000
142,Nước Hoa Nữ Chloé L'Eau Eau De Toilette 100ml,L'Eau Eau De Toilette,2835000,31%,4130000
143,Nước Hoa Nữ Chloé Nomade EDP 75ml,Eau De Parfum,2932000,32%,4290000
144,Nước Hoa Nam Lacoste Match Point EDT 100ml,Match Point Eau de Toilette,1788000,40%,2970000
145,Nước Hoa Nữ Signorina Misteriosa 100ml,Signorina Misteriosa Eau de Parfum,1820000,22%,2330000
146,[HSD 06/2024] Xịt Thơm Toàn Thân Bodymiss Hương Blinded Love 35ml,,44000,44%,79000
147,[HSD 03/2025] Nước Hoa Nữ Chloé L'Eau Eau De Toilette 100ml,L'Eau Eau De Toilette,2268000,45%,4130000
148,Nước Hoa Nam Versace Man Eau Fraiche EDT 100ml,Eau Fraiche Eau De Toilette,1862000,19%,2299000
149,Nước Hoa Nữ Moschino Toy 2 EDP 100ml,Toy 2 Eau De Parfum,1540000,37%,2442000
150,Nước Hoa Nữ Burberry Her EDP 100ml,Her Eau De Parfum,2967000,41%,4990000
151,[HSD 06/2024] Xịt Thơm Toàn Thân Bodymiss Hương Care Free 35ml,,44000,44%,79000
152,Combo Nước Hoa 2 Đầu Silkygirl Hương 02 Love + 03 Joyful,EDP Duo Rollerball,212000,10%,236000
153,Nước Hoa Nữ Versace Yellow Diamond EDT 90ml,Yellow Diamond Eau De Toilette Natural Spray,1989000,26%,2706000
154,Nước Hoa Nam Versace Pour Homme Eau De Toilette 100ml,Pour Homme Eau De Toilette,1544000,35%,2376000
155,[HSD 02/2025] Nước Hoa Nữ Laura Anne Dynamic For Her 50ml (Xanh),Eau de Parfum,189000,37%,299000
156,[HSD 07/2024] Xịt Thơm Toàn Thân Bodymiss Hương Blinded Love 35ml,,44000,44%,79000
157,[HSD 02/2025] Nước Hoa Nam Nữ De Memoria EDP #09 Lampang 30ml,Eau De Parfum,333000,0%,333000
158,[HSD 06/2024] Xịt Thơm Toàn Thân Bodymiss Hương Funky Fresh 35ml,,44000,44%,79000
159,Nước Hoa Nữ Marc Jacobs Daisy Intense EDP 30ml,Daisy Intense Eau De Parfum,1264000,45%,2290000
160,Nước Hoa Nam Calvin Klein Euphoria For Men EDT 100ml,Euphoria For Men Eau de Toilette,1677000,40%,2780000
161,Combo Malissa Kiss Dưỡng Thể & Xịt Thơm Sweet Vanilla Cotton,,304000,10%,338000
162,[HSD 01/2025] Nước Hoa Nữ Marc Jacobs Daisy Intense EDP 4ml,Daisy Intense Eau De Parfum,203000,30%,290000
163,[Mini] Nước Hoa Nữ Burberry Her Blossom EDT 1.5ml,,68000,1%,69000
164,Nước Hoa Nữ Lancôme La Vie Est Belle Bản Giới Hạn OUI 50ml,La Vie Est Belle Oui L'eau De Parfum D'exception,2239000,17%,2700000
165,Nước Hoa Nữ Chloé Eau De Parfum 75ml,,2843000,34%,4290000
166,Combo Malissa Kiss Dưỡng Thể & Xịt Thơm Happy Sundae,,304000,10%,338000
167,[HSD 02/2025] Nước Hoa Nữ Laura Anne Mystic For Her 50ml (Xám),Eau de Parfum,156000,0%,156000
168,Nước Hoa Nam Mr.Burberry Indigo EDT 50ml,Indigo For Men EDT Spray,1509000,31%,2180000
169,[HSD 06/2024] Xịt Thơm Toàn Thân Bodymiss Hương Stop & Stare 35ml,,44000,44%,79000
170,[HSD 07/2024] Xịt Thơm Toàn Thân Bodymiss Hương Funky Fresh 35ml,,44000,44%,79000
171,Nước Hoa Nam Calvin Klein Free Eau De Toilette 50ml,Free EDT Spray,983000,48%,1880000
172,Nước Hoa Nam Versace Eros EDP 100ml,Eros Eau De Parfum Natural Spray,1930000,30%,2761000
173,Nước Hoa Nữ Versace Bright Crystal EDT 90ml,Bright Crystal Eau De Toilette,1488000,46%,2760000
174,Nước Hoa Nam Gota Bouncy Eau de Parfum 50ml,Bouncy Perfume For Men Eau de Parfum,148000,50%,296000
175,Nước Hoa Nữ Salvatore Ferragamo Signorina Ribelle EDP 100ml,,1800000,44%,3223000
176,Xịt Thơm Toàn Thân Kiss My Body Adore You 88ml,Perfume Mist,168000,1%,169000
177,[HSD 07/2024] Xịt Thơm Toàn Thân Và Tóc Silkygirl Hương Magic Dream 50ml,Fragrance Mist Hair And Body #Magic Dream,45000,55%,99000
178,Xịt Nước Hoa Hằng Ngày X-Men Hương Tươi Mát 50ml,Everyday Perfume Mann Up Air,99000,6%,105000
179,Nước Hoa Nữ Narciso Rodriguez Pure Musc For Her EDP 50ml,Eau De Parfum,2610000,10%,2900000
180,Nước Hoa Nữ Versace Pour Femme Dylan Blue EDP 100ml,Pour Femme Dylan Blue Eau De Parfum Spray,2152000,35%,3311000
181,[HSD 07/2024] Nước Hoa Nữ Trussardi Sound Of Donna EDP 100ml,Sound Of Donna Eau De Parfum Spray,726000,70%,2420000
182,Nước Hoa Vùng Kín Nam Loli & The Wolf Dark Monster 10ml,Hương Gỗ Tuyết Tùng Nam Tính Cuốn Hút,248000,17%,300000
183,Xịt Thơm Toàn Thân Kiss My Body Sweet Poison 88ml,Perfume Mist,168000,1%,169000
184,Xịt Thơm Toàn Thân Bodymiss Hương Blinded Love 105ml,,106000,32%,156000
185,[HSD 12/2024] Xịt Thơm Toàn Thân Malissa Kiss Hương Happy Sundae 88ml,Perfume Mist,77000,54%,169000
186,[HSD 11/2024] Xịt Thơm Toàn Thân Và Tóc Silkygirl Hương Floral Blush 50ml,Fragrance Mist Hair And Body #Floral Blush,44000,56%,99000
187,[HSD 01/2025] Xịt Thơm Toàn Thân Malissa Kiss Hương Cozy Beach 88ml,Perfume Mist,77000,54%,169000
188,[HSD 10/2024] Xịt Thơm Toàn Thân Và Tóc Silkygirl Hương Love Bloom 50ml,Fragrance Mist Hair And Body #Love Bloom,79000,20%,99000
189,Nước Hoa Nữ Marc Jacobs Daisy EDT 100ml,Daisy Eau De Toilette,2249000,37%,3570000
190,Xịt Thơm Toàn Thân Kiss My Body Hottie 88ml,Perfume Mist,168000,1%,169000
191,Nước hoa Dolce&Gabbana The One Gold Pour Homme EDP Intense,Dolce & Gabbana,4032000,4%,4200000
192,Nước hoa Dolce&Gabbana K Pour Homme EDP Intense,Dolce & Gabbana,3628000,4%,3780000
193,Nước hoa Dolce & Gabbana Intenso Pour Homme EDP,Dolce & Gabbana,2736000,4%,2850000
194,Nước hoa YSL La Nuit de L’Homme EDT,Yves Saint Laurent,4051000,4%,4220000
195,Narciso Rodriguez Vetiver Musc For Him EDT,Narciso Rodriguez,2593000,5%,2730000
196,Nước hoa YSL Y Le Parfum EDP,Yves Saint Laurent,5241000,4%,5460000
197,Nước hoa Mcm Onyx EDP,MCM,2014000,8%,2190000
198,Nước hoa JPG LE MALE ELIXIR 23 EDP,Jean Paul Gaultier,3667000,5%,3860000
199,Nước hoa L'HOMME LE PARFUM EDP,Yves Saint Laurent,4617000,4%,4810000
200,Sữa tắm CALVIN KLEIN DEFY FOR MEN HAIR & BODY WASH,Calvin Klein,460000,8%,500000
201,Nước hoa Valentino Uomo Born In Roma Coral Fantasy EDT,Valentino,2745000,5%,2890000
202,Nước hoa Valentino Uomo Born In Roma Yellow Dream EDT,Valentino,2745000,5%,2890000
203,Nước hoa Valentino Uomo Born In Roma EDT,Valentino,2745000,5%,2890000
204,Nước hoa Valentino Uomo EDT,Valentino,2745000,5%,2890000
205,Nước Hoa Azzaro The Most Wanted EDP Intense,Azzaro,2658000,8%,2890000
206,Nước hoa Giorgio Armani Acqua Di Gio Parfum Vaporisateur Rechargeable Refillable Spray,Giorgio Armani,1851000,5%,1949000
207,Nước hoa Gucci Guilty Elixir De Parfum Pour Homme,Gucci,4066000,5%,4280000
208,Nước hoa Hugo Boss Bottled Elixir,Hugo Boss,3413000,8%,3710000
209,Nước hoa Calvin Klein Defy Parfum,Calvin Klein,3808000,8%,4140000
210,Nước hoa Hugo Boss Boss Bottled Parfum,Hugo Boss,4075000,8%,4430000
211,Nước hoa Montblanc Explorer Platinum EDP,Mont Blanc,2802000,5%,2950000
212,Nước hoa Coach Green EDT,Coach,2208000,8%,2400000
213,Nước Hoa Giorgio Armani Acqua Di Gio For Men EDT,Giorgio Armani,2896000,5%,3049000
214,Nước hoa Armani Code For Men EDT,Giorgio Armani,2612000,5%,2750000
215,Nước hoa Y EDP,Yves Saint Laurent,4406000,4%,4590000
216,Nước hoa Prada Luna Rossa EDT,Prada,2894000,5%,3047000
217,Nước Hoa Prada Luna Rossa Ocean EDT,Prada,2894000,5%,3047000
218,Nước hoa Giorgio Armani Acqua Di Gio EDP,Giorgio Armani,3751000,5%,3949000
219,Nước hoa Dolce&Gabbana Light Blue Summer Vibes Pour Homme EDT,Dolce & Gabbana,3408000,4%,3550000
220,Nước hoa Scandal Pour Homme Le Parfum EDP,Jean Paul Gaultier,3534000,5%,3720000
221,Nước hoa Versace Eros Parfum,Versace,3116000,8%,3388000
222,Nước hoa Calvin Klein Defy EDP,Calvin Klein,2769000,8%,3010000
223,Nước hoa Burberry Hero EDP,Burberry,4626000,5%,4870000
224,Nước hoa Burberry Hero EDP,Burberry,451000,5%,475000
225,Nước hoa Gucci Guilty Pour Homme Parfum,Gucci,4750000,5%,5000000
226,Nước hoa Paco Rabanne Fame EDP,Paco Rabanne,3847000,5%,4050000
227,Nước hoa Yves Saint Laurent Libre L'Absolu Platin EDP,Yves Saint Laurent,5299000,4%,5520000
228,Nước hoa Calvin Klein My Euphoria EDP,Calvin Klein,3275000,8%,3560000
229,Nước hoa Paco Rabanne Fame Intense EDP,Paco Rabanne,4560000,5%,4800000
230,Nước hoa Dolce & Gabbana The Only One EDP Intense,Dolce & Gabbana,5040000,4%,5250000
231,Nước hoa Dolce&Gabbana The One Gold EDP Intense,Dolce & Gabbana,4656000,4%,4850000
232,Nước hoa Dolce & Gabbana Q EDP Intense,Dolce & Gabbana,4896000,4%,5100000
233,Nước hoa L'Eau d'IsseySolar Violet EDTI,Issey Miyake,3078000,5%,3240000
234,Nước hoa L'Eau d'Issey pour Homme Solar Lavender EDTI,Issey Miyake,1957000,5%,2060000
235,Giftset YSL Black Opium EDP 4PCS,Yves Saint Laurent,3715000,4%,3870000
236,Giftset YSL Black Opium EDP 3PCS,Yves Saint Laurent,3897000,4%,4060000
237,Nước hoa Carolina Herrera Good Girl EDP,Carolina Herrera,1909000,5%,2010000
238,Giftset YSL Libre EDP 3PCS,Yves Saint Laurent,3715000,4%,3870000
239,Giftset YSL Libre EDP 3PCS,Yves Saint Laurent,4848000,4%,5050000
240,Issey Miyake Ladies A Drop D'issey Essentielle EDP,Issey Miyake,3116000,5%,3280000
241,Narciso Rodriguez Musc Nude For Her EDP,Narciso Rodriguez,3657000,5%,3850000
242,Nước hoa Chloé Signature Lumineuse Roses EDP,Chloe,4949000,8%,5380000
243,Nước hoa Burberry Her Petals Limited Edition,Burberry,4797000,5%,5050000
244,Giftset Lancôme Miracle EDP 3PCS,Lancôme,2016000,4%,2100000
245,Giftset Lancôme La Nuit Tresor 3PCS,Lancôme,2688000,4%,2800000
246,Nước hoa Valentino Donna Born In Roma Intense EDP,Valentino,4493000,5%,4730000
247,NƯỚC HOA LANCÔME LA VIE EST BELLE IRIS ABSOLU EDP,Lancôme,4704000,4%,4900000
248,Nước hoa LIBRE EDT,Yves Saint Laurent,4550000,4%,4740000
249,Nước hoa Black Opium EDP,Yves Saint Laurent,4848000,4%,5050000
250,Nước hoa Coach Love EDP,Coach,2668000,8%,2900000
251,Nước hoa JPG FEMME DIVINE 23 EDP,Jean Paul Gaultier,2118000,5%,2230000
252,Nước hoa Giorgio Armani My Way Parfum EDP,Giorgio Armani,3469000,5%,3652000
253,Nước hoa Giorgio Armani Sì Passione Eclat EDP,Giorgio Armani,3895000,5%,4100000
254,Nước hoa Giorgio Armani Sì Passione Intense EDP,Giorgio Armani,3410000,5%,3590000
255,Nước hoa Giorgio Armani Si EDP,Giorgio Armani,3895000,5%,4100000
256,Nước hoa Mon Paris Intensement EDP,Yves Saint Laurent,5030000,4%,5240000
257,NƯỚC HOA YSL LIBRE EDP - HOL 2023 OS,Yves Saint Laurent,3715000,4%,3870000
258,Nước hoa Valentino Valentina EDP,Valentino,3270000,5%,3443000
259,Nước hoa Valentino Donna Born In Roma Coral Fantasy EDP,Valentino,4131000,5%,4349000
260,Nước hoa Valentino Donna Born In Roma Yellow Dream EDP,Valentino,4131000,5%,4349000
261,Nước hoa Valentino Donna Born In Roma EDP,Valentino,4131000,5%,4349000
262,Nước hoa Valentino Donna EDP,Valentino,4132000,5%,4350000
263,Nước Hoa Nữ Diamond Femme 90ml (Trắng),Eau De Parfum,602000,45%,1098000
264,Nước Hoa Vùng Kín Foellie Hương Hoa Hồng Mạnh Mẽ 10ml,Inner Perfume #Eau De Bijou,288000,59%,700000
265,Nước Hoa Nữ Diamond Femme Pink 90ml (Hồng),Eau De Parfum,550000,50%,1098000
266,Nước Hoa Nam Diamond Homme 90ml (Đen),Eau De Parfum,550000,50%,1098000
267,Nước Hoa Nữ Diamond Femme Ruby Red 90ml (Đỏ),Eau De Parfum,602000,45%,1098000
268,Nước Hoa Nữ Gennie Little Gold Dress 100ml,Little Gold Dress,292000,33%,438000
269,Nước Hoa Vùng Kín Foellie Hương Trái Cây Ngọt Ngào 10ml,Inner Perfume #Eau De Fleur,358000,49%,700000
270,Nước Hoa Nữ Gennie Little Black Dress 100ml,Little Black Dress,292000,33%,438000
271,Xịt Thơm Toàn Thân Malissa Kiss Hương Crazy in Love 176ml,Perfume Body Mist,268000,21%,338000
272,Combo Gennie Nước Hoa + Sữa Tắm Little Red Dress 100ml + 100ml,,438000,42%,756000
273,Nước Hoa Nữ De Memoria EDP #05 Montpellier 60ml,Eau De Parfum,708000,36%,1100000
274,Nước Hoa Nữ De Memoria #02 Val De Loire Hương Tươi Mát 60ml,Eau De Parfum,708000,36%,1100000
275,Xịt Thơm Toàn Thân Bodymiss Hương Stop & Stare 70ml,,108000,32%,158000
276,Nước Hoa Nữ Gennie Little Red Dress 100ml,Little Red Dress,220000,50%,438000
277,Nước Hoa Nam Gota Iconic Eau de Parfum 100ml,Iconic Perfume For Men Eau de Parfum,296000,50%,592000
278,Combo Gennie Nước Hoa + Sữa Tắm Little Gold Dress 100ml + 100ml,,438000,42%,756000
279,Nước Hoa Nữ De Memoria EDP #04 Dresden 60ml,Eau De Parfum,708000,36%,1100000
280,Nước Hoa Vùng Kín Foellie Hương Hoa Hồng Trắng 10ml,Inner Perfume #Eau De Ciel,358000,49%,700000
281,Nước Hoa Nam Diamond Homme Dark Blue 90ml (Xanh),Eau De Parfum,602000,45%,1098000
282,Nước Hoa Nữ Gennie Little Rose Dress Bản Giới Hạn 100ml,Little Rose Dress For Her,350000,50%,698000
283,Nước Hoa Vùng Kín Foellie Hoa Đinh Hương Bản Giới Hạn 10ml,Inner Perfume #Eau De Tuileries,378000,46%,700000
284,Nước Hoa Nữ Versace Bright Crystal Absolu EDP 180ml,Bright Crystal Absolu Eau de Parfum Natural Spray,3578000,39%,5830000
285,Nước Hoa Nam Diamond Homme Brown 90ml (Nâu),Eau De Parfum,602000,40%,998000
286,Nước Hoa Nữ Carolina Herrera Good Girl EDP 60ml,Good Girl Eau De Parfum Natural Spray,3618000,10%,4020000
287,Xịt Thơm Toàn Thân Malissa Kiss Hương Sweet Poison 176ml,Perfume Mist,268000,21%,338000
288,Xịt Thơm Toàn Thân Malissa Kiss Hương Adore You 176ml,Perfume Mist,268000,21%,338000
289,Nước Hoa Nam Versace Pour Homme EDT 100ml,Pour Homme Eau De Toilette Spray,2886000,19%,3564000
290,Nước Hoa Nữ Laura Anne Allure For Her 100ml (Hồng),Eau de Parfum,368000,38%,598000
291,Nước Hoa Nữ Lancôme La Nuit Tresor EDP 150ml,La Nuit Tresor Eau De Parfum,5640000,9%,6200000
292,Nước Hoa Nam Paco Rabanne 1 Million Parfum EDP 200ml,1 Million Parfum EDP,6048000,10%,6720000
293,Xịt Thơm Toàn Thân Malissa Kiss Hương Nước Hoa Passion 176ml,Perfume Mist,268000,21%,338000
294,Nước Hoa Nữ Versace Bright Crystal EDT 100ml,Bright Crystal Eau de Toilette Spray,2380000,59%,5810000
295,Nước Hoa Vùng Kín Foellie Hương Hoa Nhài Bản Giới Hạn 10ml,Inner Perfume #Eau De Venus,328000,53%,700000
296,Nước Hoa Nữ De Memoria EDP #03 Granada 60ml,Eau De Parfum,708000,36%,1100000
297,Nước Hoa Nữ De Memoria EDP #06 Grasse 60ml,Eau De Parfum,708000,36%,1100000
298,Nước Hoa Nữ Verites After The Rain 100ml,After The Rain Inspired By My Burberry,382000,20%,478000
299,Nước Hoa Nam Versace Eros Flame EDP 200ml,Eros Flame Eau de Parfum Spray,4472000,19%,5522000
300,Xịt Thơm Toàn Thân Malissa Kiss Hương Lost In Paradise 176ml,Perfume Body Mist,268000,21%,338000
301,Xịt Thơm Toàn Thân Malissa Kiss Hương Nước Hoa Delight 176ml,Perfume Mist,268000,21%,338000
302,Xịt Thơm Toàn Thân Malissa Kiss Hương Fresh Escape 176ml,Perfume Mist,168000,50%,338000
303,Nước Hoa Nam Gota Urban Eau de Parfum 100ml,Urban Perfume For Men Eau de Parfum,416000,30%,592000
304,Xịt Thơm Toàn Thân Malissa Kiss Sweet Vanilla Cotton 176ml,Perfume Body Mist,268000,21%,338000
305,Nước Hoa Nữ De Memoria #01 Spello Hương Mê Hoặc 60ml,Eau De Parfum,706000,36%,1100000
306,Nước Hoa Vùng Kín Foellie Hương Gỗ Tươi Mát 10ml,Inner Perfume #Eau De Foret,358000,17%,430000
307,Nước Hoa Nam Nữ Verites Siren 100ml,Siren Inspired By Good Girl Velvet Fatale,382000,20%,478000
308,Xịt Thơm Toàn Thân Bodymiss Hương Funky Fresh 210ml,,218000,30%,312000
309,Bộ 3 Chai Nước Hoa Nam Nerman 4000 20ml/chai,"Hương Thơm Mạnh Mẽ Lôi Cuốn, Lưu Hương Tới 8H",952000,5%,998000
310,Xịt Thơm Toàn Thân Và Tóc Silkygirl Hương Love Bloom 100ml,Fragrance Mist Hair And Body #Love Bloom,196000,1%,198000
311,Xịt Thơm Toàn Thân Malissa Kiss Hương Nước Hoa Charm 176ml,Perfume Mist,268000,21%,338000
312,Nước Hoa Vùng Kín Foellie Hương Hoa Anh Đào 10ml,Inner Perfume #Eau De Cherry Blossom,358000,49%,700000
313,Nước Hoa Nữ Verites Joie De Vivre 100ml,Joie De Vivre Inspired by Miss Dior,382000,20%,478000
314,Nước Hoa Nam Laura Anne Mystic For Him 100ml (Đen),Eau de Parfum,368000,38%,598000
315,Nước Hoa Vùng Kín Nữ Loli And The Wolf Midnight Forest 16ml,Hương Hoa Ngọt Ngào Quyến Rũ Lãng Mạn,496000,17%,600000
316,Xịt Thơm Toàn Thân Bodymiss Hương Funky Fresh 70ml,,108000,32%,158000
317,Nước Hoa Nữ Verites Secretly Sexy 100ml,Secretly Sexy Inspired By Victoria's Secret Very Sexy,382000,20%,478000
318,Nước Hoa Nam Verites Savage Trail 100ml,Savage Trail Inspired by Dior Sauvage,382000,20%,478000
319,Xịt Thơm Toàn Thân Và Tóc Silkygirl Hương Magic Dream 100ml,Fragrance Mist Hair And Body #Magic Dream,196000,1%,198000
320,Xịt Thơm Toàn Thân Bodymiss Hương Stop & Stare 210ml,,218000,30%,312000
321,Nước Hoa Vùng Kín Foellie Hương Hoa Ngọc Lan Tây 10ml,Inner Perfume #Eau De Bebe,358000,49%,700000
322,Xịt Thơm Toàn Thân Bodymiss Hương Blinded Love 70ml,,108000,32%,158000
323,Xịt Thơm Toàn Thân Bodymiss Hương Hide & Seek 70ml,,108000,32%,158000
324,Nước Hoa Nam Nữ De Memoria EDP #09 Lampang 60ml,Eau De Parfum,740000,33%,1100000
325,Nước Hoa Vùng Kín Foellie Hương Dâu Tây Bản XO Giới Hạn 10ml,Inner Perfume #Eau De Miel,358000,49%,700000
326,Xịt Thơm Toàn Thân Bodymiss Hương Hide & Seek 210ml,,218000,30%,312000
327,Nước Hoa Nam Laura Anne Allure For Him 100ml (Đỏ),Eau de Parfum,298000,50%,598000
328,Nước Hoa Vùng Kín Foellie Hương Biển Thơm Mát 10ml,Inner Perfume #Eau De Vogue,358000,17%,430000
329,Xịt Thơm Toàn Thân Malissa Kiss Hương Happy Sundae 176ml,Perfume Mist,168000,50%,338000
330,"Nước Hoa Nữ Verites Her Summer Nữ Tính, Dịu Dàng 100ml",,462000,20%,578000
331,Xịt Thơm Toàn Thân Bodymiss Hương Care Free 70ml,,108000,32%,158000
332,Nước Hoa Nam Nữ De Memoria EDP #10 Jiufen 60ml,Eau De Parfum,708000,36%,1100000
333,Xịt Thơm Toàn Thân Bodymiss Hương Money Honey 210ml,,218000,30%,312000
334,Xịt Thơm Toàn Thân Malissa Kiss Hương Call Me Maybe 176ml,Perfume Mist,268000,21%,338000
335,Xịt Thơm Toàn Thân Malissa Kiss Hương Nước Hoa Tender 176ml,Perfume Mist,268000,21%,338000
336,Xịt Thơm Toàn Thân Malissa Kiss Hương Cozy Beach 176ml,Perfume Mist,168000,50%,338000
337,Combo Gennie Nước Hoa + Sữa Tắm Little Black Dress 100ml + 100ml,,438000,42%,756000
338,Nước Hoa Nam Nữ Verites Santal Lab 100ml,Santal Lab Inspired By Le Labo Santal 33,478000,0%,478000
339,Xịt Thơm Toàn Thân Malissa Kiss Hương Nước Hoa Fierce 176ml,Perfume Mist,268000,21%,338000
340,Xịt Thơm Toàn Thân Bodymiss Hương Money Honey 70ml,,108000,32%,158000
341,Combo 2 Xịt Thơm Toàn Thân Và Tóc Silkygirl Hương Love Bloom + Floral Blush 100ml,Fragrance Mist Hair And Body #Love Bloom & #Floral Blush,320000,9%,352000
342,[Mini] Nước Hoa Nam Calvin Klein Defy For Men EDT 20ml,Defy For Men Eau de Toilette,760000,0%,760000
343,Nước Hoa Nữ Gennie Little Rose Dress Bản Giới Hạn 20ml,Little Rose Dress For Her,180000,50%,358000
344,Nước Hoa Nữ De Memoria EDP #07 Hoian 60ml,Eau De Parfum,708000,36%,1100000
345,Nước Hoa Vùng Kín Foellie Cherry Đen Bản Giới Hạn 10ml,Inner Perfume #Eau De Noir,320000,54%,700000
346,"Nước Hoa Nữ Verites Beach Bomb Nhẹ Nhàng, Tươi Mát 100ml",,462000,20%,578000
347,"Nước Hoa Nam Verites De Club Cuốn Hút, Lịch Lãm 100ml",,462000,20%,578000
348,Combo 2 Xịt Thơm Toàn Thân Và Tóc Silkygirl Hương Magic Dream + Love Bloom 100ml,Fragrance Mist Hair And Body #Magic Dream & #Love Bloom,368000,7%,396000
349,Xịt Thơm Toàn Thân Và Tóc Silkygirl Hương Floral Blush 100ml,Fragrance Mist Hair And Body #Floral Blush,196000,1%,198000
350,Nước Hoa Unisex Verites Chasing Cloud Tươi Mới 100ml,,462000,20%,578000
351,Nước Hoa Nữ Laura Anne Mystic For Her 100ml (Xám),Eau de Parfum,374000,37%,598000
352,Nước Hoa Nam Laura Anne Dynamic For Him 100ml (Xanh),Dynamic For Him,446000,25%,598000
353,Xịt Thơm Toàn Thân Malissa Kiss Hương Nước Hoa Desire 176ml,Perfume Mist,268000,21%,338000
354,Xịt Thơm Toàn Thân Malissa Kiss Hương Nước Hoa Sweetie 176ml,Perfume Mist,268000,21%,338000
355,Xịt Thơm Toàn Thân Malissa Kiss Hương Nước Hoa Hottie 176ml,Perfume Mist,268000,21%,338000
356,Xịt Thơm Toàn Thân Kiss My Body Sweetie 176ml,Perfume Mist,336000,1%,338000
357,Nước Hoa Nữ Armaf Club De Nuit Woman 210ml,Club De Nuit Woman EDP,1256000,29%,1780000
358,Xịt Thơm Toàn Thân Kiss My Body Hương Crazy In Love 176ml,Perfume Mist,286000,15%,338000
359,Xịt Thơm Toàn Thân Kiss My Body Sweet Vanilla Cotton 176ml,Perfume Mist,286000,15%,338000
360,Xịt Thơm Toàn Thân Kiss My Body Hương Delight 176ml,Perfume Mist,286000,15%,338000
361,Combo 2 Xịt Thơm Toàn Thân Và Tóc Silkygirl Hương Magic Dream + Floral Blush 100ml,Fragrance Mist Hair And Body #Magic Dream & #Floral Blush,368000,7%,396000
362,Nước Hoa Nữ Narciso Rodriguez Musc Noir For Her EDP 60ml,Eau De Parfum,3492000,10%,3880000
363,Nước Hoa Nữ Chloé Love Story EDP 60ml,Eau De Parfum,3370000,29%,4720000
364,Nước Hoa Nữ Narciso Rodriguez For Her EDP 60ml,Eau De Parfum,3492000,10%,3880000
365,Nước Hoa Nữ Narciso Rodriguez Ambrée EDP 60ml,Eau De Parfum,3348000,15%,3940000
366,Nước Hoa Nữ Narciso Rodriguez Pure Musc For Her EDP 60ml,Eau De Parfum,3492000,10%,3880000
367,Nước Hoa Nữ Narciso Rodriguez For Her EDP 100ml,Eau De Parfum,5220000,10%,5800000
368,Nước Hoa Nữ Narciso Rodriguez For Her EDP 200ml,Eau De Parfum,6894000,10%,7660000
369,Nước Hoa Nữ Narciso Rodriguez For Her EDT 200ml,Eau De Toilette,4950000,29%,6940000
370,Nước Hoa Nữ Marc Jacobs Daisy Ever So Fresh EDP 60ml,Eau De Parfum,3600000,19%,4440000
371,Nước Hoa Nữ Narciso Rodriguez For Her EDT 100ml,Eau De Toilette,3380000,35%,5220000
372,Nước Hoa Nữ Narciso Rodriguez Pure Musc For Her EDP 200ml,Eau De Parfum,7274000,5%,7660000
373,Nước Hoa Nam Tommy Impact Intense EDP 100ml,Impact Intense Eau De Perfume,4500000,0%,4500000
374,Nước Hoa Nam De Memoria EDP #12 Bagan 60ml,Eau De Parfum,740000,33%,1100000
375,Nước Hoa Nữ Carolina Herrera Very Good Girl Glam EDP 160ml,Very Good Girl Glam Eau De Parfum,7866000,10%,8740000
376,Nước Hoa Nữ Marc Jacobs Daisy Love EDT 60ml,Eau De Toilette,2320000,40%,3880000
377,Nước Hoa Nữ Tommy Now Girl EDT 60ml,Now Girl Eau De Toilette,2720000,0%,2720000
378,Nước Hoa Nam Tommy Now EDT 60ml,Now Eau De Toilette,2720000,0%,2720000
379,Nước Hoa Nữ Carolina Herrera Very Good Girl EDP 60ml,Very Good Girl Eau De Parfum,3960000,10%,4400000
380,Nước Hoa Nam TOMMY Cologne EDT 60ml,Cologne Spray,1798000,34%,2720000
381,Nước Hoa Nữ Marc Jacobs Daisy Dream EDT 60ml,Eau De Toilette,1978000,14%,2300000
382,Nước Hoa Nữ Issey Miyake L'Eau D'Issey EDT 100ml,Eau De Toilette,4068000,10%,4520000
383,Nước Hoa Nam Issey Miyake L'Eau D'Issey Eau & Cèdre 200ml,Pour Homme Eau De Toilette Intense,5166000,10%,5740000
384,Nước Hoa Nữ Issey Miyake A Drop D'Issey EDP 180ml,Eau De Parfum,5850000,10%,6500000
385,Nước Hoa Nam Tommy Impact EDT 100ml,Impact Intense Eau De Toilette,4260000,0%,4260000
386,Nước Hoa Nam Calvin Klein Defy For Men EDT 60ml,Eau De Toilette,1358000,47%,2580000
387,Nước Hoa Nữ Laura Anne Dynamic For Her 100ml (Xanh),Eau de Parfum,396000,34%,598000
388,Nước Hoa Nữ Issey Miyake A Drop D'Issey EDP Fraiche 60ml,Eau De Parfum Fraiche,3042000,10%,3380000
389,Nước Hoa Nam Nữ Calvin Klein One EDT 100ml,Eau De Toilette,1626000,45%,2940000
390,Nước Hoa Nữ Tommy Girl Cologne EDT 60ml,Tommy Girl Cologne Eau de Toilette Spray,1678000,38%,2720000
391,Nước Hoa Nữ Marc Jacobs Daisy Love Eau So Sweet EDT 60ml,Eau De Toilette,3500000,10%,3880000
392,"Nước Hoa Nữ Verites Starstruck Ngọt Ngào, Quyến Rũ 100ml",,462000,20%,578000
393,"Nước Hoa Nữ Verites Midnight Bloom Quyến Rũ, Thanh Lịch 100ml",,462000,20%,578000
394,[HSD 02/2025] Nước Hoa Nam De Memoria EDP #12 Bagan 60ml,Eau De Parfum,666000,0%,666000
395,Nước Hoa Nam Nữ De Memoria EDP #11 Tai O 60ml,Eau De Parfum,708000,36%,1100000
396,Nước Hoa Nam Versace Eros Flame EDP 100ml,Eros Flame Eau de Parfum Spray,2632000,40%,4378000
397,[HSD 06/2024] Xịt Thơm Toàn Thân Bodymiss Hương Money Honey 70ml,,88000,44%,158000
398,Nước Hoa Nam Moschino Toy Boy EDP 200ml,,4510000,0%,4510000
399,Nước Hoa Nam Versace Pour Homme Dylan Blue EDT 200ml,Pour Homme Dylan Blue Eau De Toilette,3630000,25%,4840000
400,Nước Hoa Nữ Jean Paul Gaultier Scandal EDP 60ml,Scandal Eau De Parfum Spray,3780000,10%,4200000
401,Nước Hoa Nữ Chloé Nomade EDP 60ml,Eau De Parfum,3700000,18%,4500000
402,Nước Hoa Nữ Burberry Her Blossom EDT 200ml,Her Blossom Eau de Toilette,5406000,33%,8060000
403,[HSD 02/2025] Nước Hoa Nữ De Memoria EDP #07 Hoian 60ml,Eau De Parfum,638000,0%,638000
404,Nước Hoa Nữ Marc Jacobs Perfect EDP 200ml,Perfect Eau De Parfum,5178000,37%,8220000
405,Nước Hoa Nữ Chloé L'Eau Eau De Toilette 200ml,L'Eau Eau De Toilette,5670000,31%,8260000
406,Nước Hoa Nữ Chloé Nomade EDP 150ml,Eau De Parfum,5864000,32%,8580000
407,Nước Hoa Nam Lacoste Match Point EDT 200ml,Match Point Eau de Toilette,3576000,40%,5940000
408,Nước Hoa Nữ Signorina Misteriosa 200ml,Signorina Misteriosa Eau de Parfum,3640000,22%,4660000
409,[HSD 06/2024] Xịt Thơm Toàn Thân Bodymiss Hương Blinded Love 70ml,,88000,44%,158000
410,[HSD 03/2025] Nước Hoa Nữ Chloé L'Eau Eau De Toilette 200ml,L'Eau Eau De Toilette,4536000,45%,8260000
411,Nước Hoa Nam Versace Man Eau Fraiche EDT 200ml,Eau Fraiche Eau De Toilette,3724000,19%,4598000
412,Nước Hoa Nữ Moschino Toy 2 EDP 200ml,Toy 2 Eau De Parfum,3080000,37%,4884000
413,Nước Hoa Nữ Burberry Her EDP 200ml,Her Eau De Parfum,5934000,41%,9980000
414,[HSD 06/2024] Xịt Thơm Toàn Thân Bodymiss Hương Care Free 70ml,,88000,44%,158000
415,Nước Hoa Nữ Versace Yellow Diamond EDT 180ml,Yellow Diamond Eau De Toilette Natural Spray,3978000,26%,5412000
416,Nước Hoa Nam Versace Pour Homme Eau De Toilette 200ml,Pour Homme Eau De Toilette,3088000,35%,4752000
417,[HSD 02/2025] Nước Hoa Nữ Laura Anne Dynamic For Her 100ml (Xanh),Eau de Parfum,378000,37%,598000
418,[HSD 07/2024] Xịt Thơm Toàn Thân Bodymiss Hương Blinded Love 70ml,,88000,44%,158000
419,[HSD 02/2025] Nước Hoa Nam Nữ De Memoria EDP #09 Lampang 60ml,Eau De Parfum,666000,0%,666000
420,[HSD 06/2024] Xịt Thơm Toàn Thân Bodymiss Hương Funky Fresh 70ml,,88000,44%,158000
421,Nước Hoa Nữ Marc Jacobs Daisy Intense EDP 60ml,Daisy Intense Eau De Parfum,2528000,45%,4580000
422,Nước Hoa Nam Calvin Klein Euphoria For Men EDT 200ml,Euphoria For Men Eau de Toilette,3354000,40%,5560000
423,[HSD 01/2025] Nước Hoa Nữ Marc Jacobs Daisy Intense EDP 8ml,Daisy Intense Eau De Parfum,406000,30%,580000
424,[Mini] Nước Hoa Nữ Burberry Her Blossom EDT 1.10ml,,136000,1%,138000
425,Nước Hoa Nữ Lancôme La Vie Est Belle Bản Giới Hạn OUI 100ml,La Vie Est Belle Oui L'eau De Parfum D'exception,4478000,17%,5400000
426,Nước Hoa Nữ Chloé Eau De Parfum 150ml,,5686000,34%,8580000
427,[HSD 02/2025] Nước Hoa Nữ Laura Anne Mystic For Her 100ml (Xám),Eau de Parfum,312000,0%,312000
428,Nước Hoa Nam Mr.Burberry Indigo EDT 100ml,Indigo For Men EDT Spray,3018000,31%,4360000
429,[HSD 06/2024] Xịt Thơm Toàn Thân Bodymiss Hương Stop & Stare 70ml,,88000,44%,158000
430,[HSD 07/2024] Xịt Thơm Toàn Thân Bodymiss Hương Funky Fresh 70ml,,88000,44%,158000
431,Nước Hoa Nam Calvin Klein Free Eau De Toilette 100ml,Free EDT Spray,1966000,48%,3760000
432,Nước Hoa Nam Versace Eros EDP 200ml,Eros Eau De Parfum Natural Spray,3860000,30%,5522000
433,Nước Hoa Nữ Versace Bright Crystal EDT 180ml,Bright Crystal Eau De Toilette,2976000,46%,5520000
434,Nước Hoa Nam Gota Bouncy Eau de Parfum 100ml,Bouncy Perfume For Men Eau de Parfum,296000,50%,592000
435,Nước Hoa Nữ Salvatore Ferragamo Signorina Ribelle EDP 200ml,,3600000,44%,6446000
436,Xịt Thơm Toàn Thân Kiss My Body Adore You 176ml,Perfume Mist,336000,1%,338000
437,[HSD 07/2024] Xịt Thơm Toàn Thân Và Tóc Silkygirl Hương Magic Dream 100ml,Fragrance Mist Hair And Body #Magic Dream,90000,55%,198000
438,Xịt Nước Hoa Hằng Ngày X-Men Hương Tươi Mát 100ml,Everyday Perfume Mann Up Air,198000,6%,210000
439,Nước Hoa Nữ Narciso Rodriguez Pure Musc For Her EDP 100ml,Eau De Parfum,5220000,10%,5800000
440,Nước Hoa Nữ Versace Pour Femme Dylan Blue EDP 200ml,Pour Femme Dylan Blue Eau De Parfum Spray,4304000,35%,6622000
441,[HSD 07/2024] Nước Hoa Nữ Trussardi Sound Of Donna EDP 200ml,Sound Of Donna Eau De Parfum Spray,1452000,70%,4840000
442,Nước Hoa Vùng Kín Nam Loli & The Wolf Dark Monster 20ml,Hương Gỗ Tuyết Tùng Nam Tính Cuốn Hút,496000,17%,600000
443,Xịt Thơm Toàn Thân Kiss My Body Sweet Poison 176ml,Perfume Mist,336000,1%,338000
444,Xịt Thơm Toàn Thân Bodymiss Hương Blinded Love 210ml,,212000,32%,312000
445,[HSD 12/2024] Xịt Thơm Toàn Thân Malissa Kiss Hương Happy Sundae 176ml,Perfume Mist,154000,54%,338000
446,[HSD 11/2024] Xịt Thơm Toàn Thân Và Tóc Silkygirl Hương Floral Blush 100ml,Fragrance Mist Hair And Body #Floral Blush,88000,56%,198000
447,[HSD 01/2025] Xịt Thơm Toàn Thân Malissa Kiss Hương Cozy Beach 176ml,Perfume Mist,154000,54%,338000
448,[HSD 10/2024] Xịt Thơm Toàn Thân Và Tóc Silkygirl Hương Love Bloom 100ml,Fragrance Mist Hair And Body #Love Bloom,158000,20%,198000
449,Nước Hoa Nữ Marc Jacobs Daisy EDT 200ml,Daisy Eau De Toilette,4498000,37%,7140000
450,Xịt Thơm Toàn Thân Kiss My Body Hottie 176ml,Perfume Mist,336000,1%,338000
451,Nước Hoa Nữ Diamond Femme 135ml (Trắng),Eau De Parfum,903000,45%,1647000
452,Nước Hoa Vùng Kín Foellie Hương Hoa Hồng Mạnh Mẽ 15ml,Inner Perfume #Eau De Bijou,432000,59%,1050000
453,Nước Hoa Nữ Diamond Femme Pink 135ml (Hồng),Eau De Parfum,825000,50%,1647000
454,Nước Hoa Nam Diamond Homme 135ml (Đen),Eau De Parfum,825000,50%,1647000
455,Nước Hoa Nữ Diamond Femme Ruby Red 135ml (Đỏ),Eau De Parfum,903000,45%,1647000
456,Nước Hoa Nữ Gennie Little Gold Dress 150ml,Little Gold Dress,438000,33%,657000
457,Nước Hoa Vùng Kín Foellie Hương Trái Cây Ngọt Ngào 15ml,Inner Perfume #Eau De Fleur,537000,49%,1050000
458,Nước Hoa Nữ Gennie Little Black Dress 150ml,Little Black Dress,438000,33%,657000
459,Xịt Thơm Toàn Thân Malissa Kiss Hương Crazy in Love 264ml,Perfume Body Mist,402000,21%,507000
460,Combo Gennie Nước Hoa + Sữa Tắm Little Red Dress 150ml + 150ml,,657000,42%,1134000
461,Nước Hoa Nữ De Memoria EDP #05 Montpellier 90ml,Eau De Parfum,1062000,36%,1650000
462,Nước Hoa Nữ De Memoria #02 Val De Loire Hương Tươi Mát 90ml,Eau De Parfum,1062000,36%,1650000
463,Xịt Thơm Toàn Thân Bodymiss Hương Stop & Stare 105ml,,162000,32%,237000
464,Nước Hoa Nữ Gennie Little Red Dress 150ml,Little Red Dress,330000,50%,657000
465,Nước Hoa Nam Gota Iconic Eau de Parfum 150ml,Iconic Perfume For Men Eau de Parfum,444000,50%,888000
466,Combo Gennie Nước Hoa + Sữa Tắm Little Gold Dress 150ml + 150ml,,657000,42%,1134000
467,Nước Hoa Nữ De Memoria EDP #04 Dresden 90ml,Eau De Parfum,1062000,36%,1650000
468,Nước Hoa Vùng Kín Foellie Hương Hoa Hồng Trắng 15ml,Inner Perfume #Eau De Ciel,537000,49%,1050000
469,Nước Hoa Nam Diamond Homme Dark Blue 135ml (Xanh),Eau De Parfum,903000,45%,1647000
470,Nước Hoa Nữ Gennie Little Rose Dress Bản Giới Hạn 150ml,Little Rose Dress For Her,525000,50%,1047000
471,Nước Hoa Vùng Kín Foellie Hoa Đinh Hương Bản Giới Hạn 15ml,Inner Perfume #Eau De Tuileries,567000,46%,1050000
472,Nước Hoa Nữ Versace Bright Crystal Absolu EDP 270ml,Bright Crystal Absolu Eau de Parfum Natural Spray,5367000,39%,8745000
473,Nước Hoa Nam Diamond Homme Brown 135ml (Nâu),Eau De Parfum,903000,40%,1497000
474,Nước Hoa Nữ Carolina Herrera Good Girl EDP 90ml,Good Girl Eau De Parfum Natural Spray,5427000,10%,6030000
475,Xịt Thơm Toàn Thân Malissa Kiss Hương Sweet Poison 264ml,Perfume Mist,402000,21%,507000
476,Xịt Thơm Toàn Thân Malissa Kiss Hương Adore You 264ml,Perfume Mist,402000,21%,507000
477,Nước Hoa Nam Versace Pour Homme EDT 150ml,Pour Homme Eau De Toilette Spray,4329000,19%,5346000
478,Nước Hoa Nữ Laura Anne Allure For Her 150ml (Hồng),Eau de Parfum,552000,38%,897000
479,Nước Hoa Nữ Lancôme La Nuit Tresor EDP 225ml,La Nuit Tresor Eau De Parfum,8460000,9%,9300000
480,Nước Hoa Nam Paco Rabanne 1 Million Parfum EDP 300ml,1 Million Parfum EDP,9072000,10%,10080000
481,Xịt Thơm Toàn Thân Malissa Kiss Hương Nước Hoa Passion 264ml,Perfume Mist,402000,21%,507000
482,Nước Hoa Nữ Versace Bright Crystal EDT 150ml,Bright Crystal Eau de Toilette Spray,3570000,59%,8715000
483,Nước Hoa Vùng Kín Foellie Hương Hoa Nhài Bản Giới Hạn 15ml,Inner Perfume #Eau De Venus,492000,53%,1050000
484,Nước Hoa Nữ De Memoria EDP #03 Granada 90ml,Eau De Parfum,1062000,36%,1650000
485,Nước Hoa Nữ De Memoria EDP #06 Grasse 90ml,Eau De Parfum,1062000,36%,1650000
486,Nước Hoa Nữ Verites After The Rain 150ml,After The Rain Inspired By My Burberry,573000,20%,717000
487,Nước Hoa Nam Versace Eros Flame EDP 300ml,Eros Flame Eau de Parfum Spray,6708000,19%,8283000
488,Xịt Thơm Toàn Thân Malissa Kiss Hương Lost In Paradise 264ml,Perfume Body Mist,402000,21%,507000
489,Xịt Thơm Toàn Thân Malissa Kiss Hương Nước Hoa Delight 264ml,Perfume Mist,402000,21%,507000
490,Xịt Thơm Toàn Thân Malissa Kiss Hương Fresh Escape 264ml,Perfume Mist,252000,50%,507000
491,Nước Hoa Nam Gota Urban Eau de Parfum 150ml,Urban Perfume For Men Eau de Parfum,624000,30%,888000
492,Xịt Thơm Toàn Thân Malissa Kiss Sweet Vanilla Cotton 264ml,Perfume Body Mist,402000,21%,507000
493,Nước Hoa Nữ De Memoria #01 Spello Hương Mê Hoặc 90ml,Eau De Parfum,1059000,36%,1650000
494,Nước Hoa Vùng Kín Foellie Hương Gỗ Tươi Mát 15ml,Inner Perfume #Eau De Foret,537000,17%,645000
495,Nước Hoa Nam Nữ Verites Siren 150ml,Siren Inspired By Good Girl Velvet Fatale,573000,20%,717000
496,Xịt Thơm Toàn Thân Bodymiss Hương Funky Fresh 315ml,,327000,30%,468000
497,Bộ 3 Chai Nước Hoa Nam Nerman 4000 30ml/chai,"Hương Thơm Mạnh Mẽ Lôi Cuốn, Lưu Hương Tới 8H",1428000,5%,1497000
498,Xịt Thơm Toàn Thân Và Tóc Silkygirl Hương Love Bloom 150ml,Fragrance Mist Hair And Body #Love Bloom,294000,1%,297000
499,Xịt Thơm Toàn Thân Malissa Kiss Hương Nước Hoa Charm 264ml,Perfume Mist,402000,21%,507000
500,Nước Hoa Vùng Kín Foellie Hương Hoa Anh Đào 15ml,Inner Perfume #Eau De Cherry Blossom,537000,49%,1050000
501,Nước Hoa Nữ Verites Joie De Vivre 150ml,Joie De Vivre Inspired by Miss Dior,573000,20%,717000
502,Nước Hoa Nam Laura Anne Mystic For Him 150ml (Đen),Eau de Parfum,552000,38%,897000
503,Nước Hoa Vùng Kín Nữ Loli And The Wolf Midnight Forest 24ml,Hương Hoa Ngọt Ngào Quyến Rũ Lãng Mạn,744000,17%,900000
504,Xịt Thơm Toàn Thân Bodymiss Hương Funky Fresh 105ml,,162000,32%,237000
505,Nước Hoa Nữ Verites Secretly Sexy 150ml,Secretly Sexy Inspired By Victoria's Secret Very Sexy,573000,20%,717000
506,Nước Hoa Nam Verites Savage Trail 150ml,Savage Trail Inspired by Dior Sauvage,573000,20%,717000
507,Xịt Thơm Toàn Thân Và Tóc Silkygirl Hương Magic Dream 150ml,Fragrance Mist Hair And Body #Magic Dream,294000,1%,297000
508,Xịt Thơm Toàn Thân Bodymiss Hương Stop & Stare 315ml,,327000,30%,468000
509,Nước Hoa Vùng Kín Foellie Hương Hoa Ngọc Lan Tây 15ml,Inner Perfume #Eau De Bebe,537000,49%,1050000
510,Xịt Thơm Toàn Thân Bodymiss Hương Blinded Love 105ml,,162000,32%,237000
511,Xịt Thơm Toàn Thân Bodymiss Hương Hide & Seek 105ml,,162000,32%,237000
512,Nước Hoa Nam Nữ De Memoria EDP #09 Lampang 90ml,Eau De Parfum,1110000,33%,1650000
513,Nước Hoa Vùng Kín Foellie Hương Dâu Tây Bản XO Giới Hạn 15ml,Inner Perfume #Eau De Miel,537000,49%,1050000
514,Xịt Thơm Toàn Thân Bodymiss Hương Hide & Seek 315ml,,327000,30%,468000
515,Nước Hoa Nam Laura Anne Allure For Him 150ml (Đỏ),Eau de Parfum,447000,50%,897000
516,Nước Hoa Vùng Kín Foellie Hương Biển Thơm Mát 15ml,Inner Perfume #Eau De Vogue,537000,17%,645000
517,Xịt Thơm Toàn Thân Malissa Kiss Hương Happy Sundae 264ml,Perfume Mist,252000,50%,507000
518,"Nước Hoa Nữ Verites Her Summer Nữ Tính, Dịu Dàng 150ml",,693000,20%,867000
519,Xịt Thơm Toàn Thân Bodymiss Hương Care Free 105ml,,162000,32%,237000
520,Nước Hoa Nam Nữ De Memoria EDP #10 Jiufen 90ml,Eau De Parfum,1062000,36%,1650000
521,Xịt Thơm Toàn Thân Bodymiss Hương Money Honey 315ml,,327000,30%,468000
522,Xịt Thơm Toàn Thân Malissa Kiss Hương Call Me Maybe 264ml,Perfume Mist,402000,21%,507000
523,Xịt Thơm Toàn Thân Malissa Kiss Hương Nước Hoa Tender 264ml,Perfume Mist,402000,21%,507000
524,Xịt Thơm Toàn Thân Malissa Kiss Hương Cozy Beach 264ml,Perfume Mist,252000,50%,507000
525,Combo Gennie Nước Hoa + Sữa Tắm Little Black Dress 150ml + 150ml,,657000,42%,1134000
526,Nước Hoa Nam Nữ Verites Santal Lab 150ml,Santal Lab Inspired By Le Labo Santal 33,717000,0%,717000
527,Xịt Thơm Toàn Thân Malissa Kiss Hương Nước Hoa Fierce 264ml,Perfume Mist,402000,21%,507000
528,Xịt Thơm Toàn Thân Bodymiss Hương Money Honey 105ml,,162000,32%,237000
529,Combo 2 Xịt Thơm Toàn Thân Và Tóc Silkygirl Hương Love Bloom + Floral Blush 150ml,Fragrance Mist Hair And Body #Love Bloom & #Floral Blush,480000,9%,528000
530,[Mini] Nước Hoa Nam Calvin Klein Defy For Men EDT 30ml,Defy For Men Eau de Toilette,1140000,0%,1140000
531,Nước Hoa Nữ Gennie Little Rose Dress Bản Giới Hạn 30ml,Little Rose Dress For Her,270000,50%,537000
532,Nước Hoa Nữ De Memoria EDP #07 Hoian 90ml,Eau De Parfum,1062000,36%,1650000
533,Nước Hoa Vùng Kín Foellie Cherry Đen Bản Giới Hạn 15ml,Inner Perfume #Eau De Noir,480000,54%,1050000
534,"Nước Hoa Nữ Verites Beach Bomb Nhẹ Nhàng, Tươi Mát 150ml",,693000,20%,867000
535,"Nước Hoa Nam Verites De Club Cuốn Hút, Lịch Lãm 150ml",,693000,20%,867000
536,Combo 2 Xịt Thơm Toàn Thân Và Tóc Silkygirl Hương Magic Dream + Love Bloom 150ml,Fragrance Mist Hair And Body #Magic Dream & #Love Bloom,552000,7%,594000
537,Xịt Thơm Toàn Thân Và Tóc Silkygirl Hương Floral Blush 150ml,Fragrance Mist Hair And Body #Floral Blush,294000,1%,297000
538,Nước Hoa Unisex Verites Chasing Cloud Tươi Mới 150ml,,693000,20%,867000
539,Nước Hoa Nữ Laura Anne Mystic For Her 150ml (Xám),Eau de Parfum,561000,37%,897000
540,Nước Hoa Nam Laura Anne Dynamic For Him 150ml (Xanh),Dynamic For Him,669000,25%,897000
541,Xịt Thơm Toàn Thân Malissa Kiss Hương Nước Hoa Desire 264ml,Perfume Mist,402000,21%,507000
542,Xịt Thơm Toàn Thân Malissa Kiss Hương Nước Hoa Sweetie 264ml,Perfume Mist,402000,21%,507000
543,Xịt Thơm Toàn Thân Malissa Kiss Hương Nước Hoa Hottie 264ml,Perfume Mist,402000,21%,507000
544,Xịt Thơm Toàn Thân Kiss My Body Sweetie 264ml,Perfume Mist,504000,1%,507000
545,Nước Hoa Nữ Armaf Club De Nuit Woman 315ml,Club De Nuit Woman EDP,1884000,29%,2670000
546,Xịt Thơm Toàn Thân Kiss My Body Hương Crazy In Love 264ml,Perfume Mist,429000,15%,507000
547,Xịt Thơm Toàn Thân Kiss My Body Sweet Vanilla Cotton 264ml,Perfume Mist,429000,15%,507000
548,Xịt Thơm Toàn Thân Kiss My Body Hương Delight 264ml,Perfume Mist,429000,15%,507000
549,Combo 2 Xịt Thơm Toàn Thân Và Tóc Silkygirl Hương Magic Dream + Floral Blush 150ml,Fragrance Mist Hair And Body #Magic Dream & #Floral Blush,552000,7%,594000
550,Nước Hoa Nữ Narciso Rodriguez Musc Noir For Her EDP 90ml,Eau De Parfum,5238000,10%,5820000
551,Nước Hoa Nữ Chloé Love Story EDP 90ml,Eau De Parfum,5055000,29%,7080000
552,Nước Hoa Nữ Narciso Rodriguez For Her EDP 90ml,Eau De Parfum,5238000,10%,5820000
553,Nước Hoa Nữ Narciso Rodriguez Ambrée EDP 90ml,Eau De Parfum,5022000,15%,5910000
554,Nước Hoa Nữ Narciso Rodriguez Pure Musc For Her EDP 90ml,Eau De Parfum,5238000,10%,5820000
555,Nước Hoa Nữ Narciso Rodriguez For Her EDP 150ml,Eau De Parfum,7830000,10%,8700000
556,Nước Hoa Nữ Narciso Rodriguez For Her EDP 300ml,Eau De Parfum,10341000,10%,11490000
557,Nước Hoa Nữ Narciso Rodriguez For Her EDT 300ml,Eau De Toilette,7425000,29%,10410000
558,Nước Hoa Nữ Marc Jacobs Daisy Ever So Fresh EDP 90ml,Eau De Parfum,5400000,19%,6660000
559,Nước Hoa Nữ Narciso Rodriguez For Her EDT 150ml,Eau De Toilette,5070000,35%,7830000
560,Nước Hoa Nữ Narciso Rodriguez Pure Musc For Her EDP 300ml,Eau De Parfum,10911000,5%,11490000
561,Nước Hoa Nam Tommy Impact Intense EDP 150ml,Impact Intense Eau De Perfume,6750000,0%,6750000
562,Nước Hoa Nam De Memoria EDP #12 Bagan 90ml,Eau De Parfum,1110000,33%,1650000
563,Nước Hoa Nữ Carolina Herrera Very Good Girl Glam EDP 240ml,Very Good Girl Glam Eau De Parfum,11799000,10%,13110000
564,Nước Hoa Nữ Marc Jacobs Daisy Love EDT 90ml,Eau De Toilette,3480000,40%,5820000
565,Nước Hoa Nữ Tommy Now Girl EDT 90ml,Now Girl Eau De Toilette,4080000,0%,4080000
566,Nước Hoa Nam Tommy Now EDT 90ml,Now Eau De Toilette,4080000,0%,4080000
567,Nước Hoa Nữ Carolina Herrera Very Good Girl EDP 90ml,Very Good Girl Eau De Parfum,5940000,10%,6600000
568,Nước Hoa Nam TOMMY Cologne EDT 90ml,Cologne Spray,2697000,34%,4080000
569,Nước Hoa Nữ Marc Jacobs Daisy Dream EDT 90ml,Eau De Toilette,2967000,14%,3450000
570,Nước Hoa Nữ Issey Miyake L'Eau D'Issey EDT 150ml,Eau De Toilette,6102000,10%,6780000
571,Nước Hoa Nam Issey Miyake L'Eau D'Issey Eau & Cèdre 300ml,Pour Homme Eau De Toilette Intense,7749000,10%,8610000
572,Nước Hoa Nữ Issey Miyake A Drop D'Issey EDP 270ml,Eau De Parfum,8775000,10%,9750000
573,Nước Hoa Nam Tommy Impact EDT 150ml,Impact Intense Eau De Toilette,6390000,0%,6390000
574,Nước Hoa Nam Calvin Klein Defy For Men EDT 90ml,Eau De Toilette,2037000,47%,3870000
575,Nước Hoa Nữ Laura Anne Dynamic For Her 150ml (Xanh),Eau de Parfum,594000,34%,897000
576,Nước Hoa Nữ Issey Miyake A Drop D'Issey EDP Fraiche 90ml,Eau De Parfum Fraiche,4563000,10%,5070000
577,Nước Hoa Nam Nữ Calvin Klein One EDT 150ml,Eau De Toilette,2439000,45%,4410000
578,Nước Hoa Nữ Tommy Girl Cologne EDT 90ml,Tommy Girl Cologne Eau de Toilette Spray,2517000,38%,4080000
579,Nước Hoa Nữ Marc Jacobs Daisy Love Eau So Sweet EDT 90ml,Eau De Toilette,5250000,10%,5820000
580,"Nước Hoa Nữ Verites Starstruck Ngọt Ngào, Quyến Rũ 150ml",,693000,20%,867000
581,"Nước Hoa Nữ Verites Midnight Bloom Quyến Rũ, Thanh Lịch 150ml",,693000,20%,867000
582,[HSD 02/2025] Nước Hoa Nam De Memoria EDP #12 Bagan 90ml,Eau De Parfum,999000,0%,999000
583,Nước Hoa Nam Nữ De Memoria EDP #11 Tai O 90ml,Eau De Parfum,1062000,36%,1650000
584,Nước Hoa Nam Versace Eros Flame EDP 150ml,Eros Flame Eau de Parfum Spray,3948000,40%,6567000
585,[HSD 06/2024] Xịt Thơm Toàn Thân Bodymiss Hương Money Honey 105ml,,132000,44%,237000
586,Nước Hoa Nam Moschino Toy Boy EDP 300ml,,6765000,0%,6765000
587,Nước Hoa Nam Versace Pour Homme Dylan Blue EDT 300ml,Pour Homme Dylan Blue Eau De Toilette,5445000,25%,7260000
588,Nước Hoa Nữ Jean Paul Gaultier Scandal EDP 90ml,Scandal Eau De Parfum Spray,5670000,10%,6300000
589,Nước Hoa Nữ Chloé Nomade EDP 90ml,Eau De Parfum,5550000,18%,6750000
590,Nước Hoa Nữ Burberry Her Blossom EDT 300ml,Her Blossom Eau de Toilette,8109000,33%,12090000
591,[HSD 02/2025] Nước Hoa Nữ De Memoria EDP #07 Hoian 90ml,Eau De Parfum,957000,0%,957000
592,Nước Hoa Nữ Marc Jacobs Perfect EDP 300ml,Perfect Eau De Parfum,7767000,37%,12330000
593,Nước Hoa Nữ Chloé L'Eau Eau De Toilette 300ml,L'Eau Eau De Toilette,8505000,31%,12390000
594,Nước Hoa Nữ Chloé Nomade EDP 225ml,Eau De Parfum,8796000,32%,12870000
595,Nước Hoa Nam Lacoste Match Point EDT 300ml,Match Point Eau de Toilette,5364000,40%,8910000
596,Nước Hoa Nữ Signorina Misteriosa 300ml,Signorina Misteriosa Eau de Parfum,5460000,22%,6990000
597,[HSD 06/2024] Xịt Thơm Toàn Thân Bodymiss Hương Blinded Love 105ml,,132000,44%,237000
598,[HSD 03/2025] Nước Hoa Nữ Chloé L'Eau Eau De Toilette 300ml,L'Eau Eau De Toilette,6804000,45%,12390000
599,Nước Hoa Nam Versace Man Eau Fraiche EDT 300ml,Eau Fraiche Eau De Toilette,5586000,19%,6897000
600,Nước Hoa Nữ Moschino Toy 2 EDP 300ml,Toy 2 Eau De Parfum,4620000,37%,7326000
601,Nước Hoa Nữ Burberry Her EDP 300ml,Her Eau De Parfum,8901000,41%,14970000
602,[HSD 06/2024] Xịt Thơm Toàn Thân Bodymiss Hương Care Free 105ml,,132000,44%,237000
603,Nước Hoa Nữ Versace Yellow Diamond EDT 270ml,Yellow Diamond Eau De Toilette Natural Spray,5967000,26%,8118000
604,Nước Hoa Nam Versace Pour Homme Eau De Toilette 300ml,Pour Homme Eau De Toilette,4632000,35%,7128000
605,[HSD 02/2025] Nước Hoa Nữ Laura Anne Dynamic For Her 150ml (Xanh),Eau de Parfum,567000,37%,897000
606,[HSD 07/2024] Xịt Thơm Toàn Thân Bodymiss Hương Blinded Love 105ml,,132000,44%,237000
607,[HSD 02/2025] Nước Hoa Nam Nữ De Memoria EDP #09 Lampang 90ml,Eau De Parfum,999000,0%,999000
608,[HSD 06/2024] Xịt Thơm Toàn Thân Bodymiss Hương Funky Fresh 105ml,,132000,44%,237000
609,Nước Hoa Nữ Marc Jacobs Daisy Intense EDP 90ml,Daisy Intense Eau De Parfum,3792000,45%,6870000
610,Nước Hoa Nam Calvin Klein Euphoria For Men EDT 300ml,Euphoria For Men Eau de Toilette,5031000,40%,8340000
611,[HSD 01/2025] Nước Hoa Nữ Marc Jacobs Daisy Intense EDP 12ml,Daisy Intense Eau De Parfum,609000,30%,870000
612,[Mini] Nước Hoa Nữ Burberry Her Blossom EDT 1.15ml,,204000,1%,207000
613,Nước Hoa Nữ Lancôme La Vie Est Belle Bản Giới Hạn OUI 150ml,La Vie Est Belle Oui L'eau De Parfum D'exception,6717000,17%,8100000
614,Nước Hoa Nữ Chloé Eau De Parfum 225ml,,8529000,34%,12870000
615,[HSD 02/2025] Nước Hoa Nữ Laura Anne Mystic For Her 150ml (Xám),Eau de Parfum,468000,0%,468000
616,Nước Hoa Nam Mr.Burberry Indigo EDT 150ml,Indigo For Men EDT Spray,4527000,31%,6540000
617,[HSD 06/2024] Xịt Thơm Toàn Thân Bodymiss Hương Stop & Stare 105ml,,132000,44%,237000
618,[HSD 07/2024] Xịt Thơm Toàn Thân Bodymiss Hương Funky Fresh 105ml,,132000,44%,237000
619,Nước Hoa Nam Calvin Klein Free Eau De Toilette 150ml,Free EDT Spray,2949000,48%,5640000
620,Nước Hoa Nam Versace Eros EDP 300ml,Eros Eau De Parfum Natural Spray,5790000,30%,8283000
621,Nước Hoa Nữ Versace Bright Crystal EDT 270ml,Bright Crystal Eau De Toilette,4464000,46%,8280000
622,Nước Hoa Nam Gota Bouncy Eau de Parfum 150ml,Bouncy Perfume For Men Eau de Parfum,444000,50%,888000
623,Nước Hoa Nữ Salvatore Ferragamo Signorina Ribelle EDP 300ml,,5400000,44%,9669000
624,Xịt Thơm Toàn Thân Kiss My Body Adore You 264ml,Perfume Mist,504000,1%,507000
625,[HSD 07/2024] Xịt Thơm Toàn Thân Và Tóc Silkygirl Hương Magic Dream 150ml,Fragrance Mist Hair And Body #Magic Dream,135000,55%,297000
626,Xịt Nước Hoa Hằng Ngày X-Men Hương Tươi Mát 150ml,Everyday Perfume Mann Up Air,297000,6%,315000
627,Nước Hoa Nữ Narciso Rodriguez Pure Musc For Her EDP 150ml,Eau De Parfum,7830000,10%,8700000
628,Nước Hoa Nữ Versace Pour Femme Dylan Blue EDP 300ml,Pour Femme Dylan Blue Eau De Parfum Spray,6456000,35%,9933000
629,[HSD 07/2024] Nước Hoa Nữ Trussardi Sound Of Donna EDP 300ml,Sound Of Donna Eau De Parfum Spray,2178000,70%,7260000
630,Nước Hoa Vùng Kín Nam Loli & The Wolf Dark Monster 30ml,Hương Gỗ Tuyết Tùng Nam Tính Cuốn Hút,744000,17%,900000
631,Xịt Thơm Toàn Thân Kiss My Body Sweet Poison 264ml,Perfume Mist,504000,1%,507000
632,Xịt Thơm Toàn Thân Bodymiss Hương Blinded Love 315ml,,318000,32%,468000
633,[HSD 12/2024] Xịt Thơm Toàn Thân Malissa Kiss Hương Happy Sundae 264ml,Perfume Mist,231000,54%,507000
634,[HSD 11/2024] Xịt Thơm Toàn Thân Và Tóc Silkygirl Hương Floral Blush 150ml,Fragrance Mist Hair And Body #Floral Blush,132000,56%,297000
635,[HSD 01/2025] Xịt Thơm Toàn Thân Malissa Kiss Hương Cozy Beach 264ml,Perfume Mist,231000,54%,507000
636,[HSD 10/2024] Xịt Thơm Toàn Thân Và Tóc Silkygirl Hương Love Bloom 150ml,Fragrance Mist Hair And Body #Love Bloom,237000,20%,297000
637,Nước Hoa Nữ Marc Jacobs Daisy EDT 300ml,Daisy Eau De Toilette,6747000,37%,10710000
638,Xịt Thơm Toàn Thân Kiss My Body Hottie 264ml,Perfume Mist,504000,1%,507000
